Vanligaste frågorna,Klick,Exponeringar,CTR,position
haunted sweden,3,13,23.08%,13
haunted places in sweden,2,31,6.45%,9.61
målilla sanatorium,2,12,16.67%,21.75
hjemsøkt museum borås,1,34,2.94%,9.03
målilla sanatorium spöke,1,23,4.35%,10.22
haunted places,1,11,9.09%,8.45
moliljan sanatorium besöka,1,10,10%,9.4
borgvattnet prästgård,1,1,100%,11
haunted museum borås,0,106,0%,10.34
hemsökt museum,0,86,0%,11.31
hemsökt museum borås,0,48,0%,11.58
haunted museum,0,34,0%,9.94
läckö slott,0,31,0%,16.71
most haunted places in sweden,0,20,0%,10.85
paranormal museum,0,16,0%,9.25
borås hemsökt museum,0,14,0%,10.71
borgvattnet vicarage,0,14,0%,14.71
bohus fortress,0,13,0%,39.69
hörle herrgård,0,12,0%,9.17
laxton ghost sweden museum,0,12,0%,11.67
borgvattnets prästgård,0,12,0%,14.92
gräfsnäs slottsruin,0,12,0%,53.92
spökjakt kullaberg,0,10,0%,6.6
borås haunted museum,0,10,0%,8.2
borgvattnets vandrarhem,0,9,0%,18.67
borgvattnet vandrarhem,0,8,0%,9.75
swedish ghosts,0,8,0%,18.62
borgvattnet,0,8,0%,27.88
haunted places near me,0,7,0%,5.71
laxton ghost museum,0,7,0%,10.43
läckö castle,0,7,0%,37.71
gräfsnäs slott,0,7,0%,75.29
laxton ghost borås,0,6,0%,8.83
hauntedplaces,0,6,0%,9.67
museum borås hemsökt,0,6,0%,12.5
боргваттнет швеция,0,6,0%,35.5
borås museum hemsökt,0,5,0%,11.4
haunted svenska,0,5,0%,11.4
gräfsnäs,0,5,0%,76.8
biljetter för läckö slott,0,4,0%,1.5
kullaberg,0,4,0%,3
bohus fastning,0,4,0%,7.5
danjal kanani,0,4,0%,10
spökjakt,0,4,0%,10
borås hemsökta museum,0,4,0%,11.75
most haunted place in sweden,0,4,0%,11.75
skräck museum borås,0,4,0%,11.75
hörle slott,0,4,0%,23.25
laxton borås,0,4,0%,24.75
ghost tour sweden,0,4,0%,29.5
kullaberg sweden,0,4,0%,69
horle,0,3,0%,1.33
is there any haunted places near me,0,3,0%,6.33
vicarage,0,3,0%,9.67
hörle,0,3,0%,10.33
haunted house sweden,0,3,0%,10.67
borås laxton museum,0,3,0%,11
ghost museum,0,3,0%,11.67
laxton hemsökt museum,0,3,0%,12.33
bohus fästning,0,3,0%,19.67
sanatorium målilla,0,3,0%,20
vandrarhemmet borgvattnet,0,3,0%,26.33
боргваттнет,0,3,0%,30.67
lacko castle,0,3,0%,39.33
spaceslots in sverige,0,3,0%,82.67
ghost spots,0,2,0%,1
bilder på läckö slott,0,2,0%,2
läckö slott foton,0,2,0%,2
mölle,0,2,0%,2
borås,0,2,0%,3.5
haunted spaces,0,2,0%,8
borgvattnet haunted vicarage,0,2,0%,10.5
laxton museum borås,0,2,0%,10.5
lacko slott,0,2,0%,11.5
haunted place near me,0,2,0%,12
laxton museum,0,2,0%,18.5
spökhus borås,0,2,0%,19.5
läckö slott spöken,0,2,0%,20.5
festung bohus,0,2,0%,25.5
ghost adventures sweden,0,2,0%,30
countessokkulte,0,2,0%,30.5
moliljan sanatorium historia,0,2,0%,33
kullaberg nature reserve sweden,0,2,0%,45
borgvattnet prästgård & vandrarhem,0,2,0%,50.5
bohuslän fästning,0,2,0%,67.5
english,0,1,0%,1
ghost hunting,0,1,0%,1
ja,0,1,0%,1
the vicarage,0,1,0%,1
wat is het verhaal?,0,1,0%,1
дом священника в швеции,0,1,0%,1
endereço,0,1,0%,2
haunted places map,0,1,0%,2
läckö slott program,0,1,0%,2
läckö slott öppettider,0,1,0%,2
mer tips,0,1,0%,2
öppettider?,0,1,0%,2
ужас боргваттнет,0,1,0%,2
de la gardie,0,1,0%,3
kullen skåne,0,1,0%,3
läckö,0,1,0%,3
magnus gabriel de la gardie,0,1,0%,3
near sweden,0,1,0%,3
var ligger läckö slott,0,1,0%,3
grafenas,0,1,0%,4
kållandsö,0,1,0%,4
sevärdheter runt lidköping,0,1,0%,4
ghost hunting places near me,0,1,0%,5
haunted locations,0,1,0%,5
läckö slott recensioner,0,1,0%,5
museum haunted house,0,1,0%,5
naturum läckö öppettider,0,1,0%,5
rörstrand läckö,0,1,0%,5
haunted attractions,0,1,0%,6
haunted house near me,0,1,0%,6
hemsökta platser sverige karta,0,1,0%,6
läckö slott official history lidköping sweden,0,1,0%,6
museum of haunted objects,0,1,0%,6
ghost spots near me,0,1,0%,7
haunted places.,0,1,0%,7
holladay manor,0,1,0%,7
hainted places,0,1,0%,8
hunted place,0,1,0%,8
läckö slot,0,1,0%,8
seatons kulle,0,1,0%,8
haunted house museum,0,1,0%,9
horror house near me,0,1,0%,9
museum of the paranormal,0,1,0%,9
onko kuvia?,0,1,0%,9
ghost area,0,1,0%,10
museum paranormal,0,1,0%,10
båda,0,1,0%,11
frammegården historie,0,1,0%,11
ghost tour near me,0,1,0%,11
hanuted places,0,1,0%,11
haunted sanatorium,0,1,0%,11
lackoc,0,1,0%,11
spooky places near me,0,1,0%,11
haunted attractions near me,0,1,0%,12
haunted place,0,1,0%,12
jaktslott,0,1,0%,12
hörle bruk,0,1,0%,13
leckø slott,0,1,0%,13
laxton museum recensioner,0,1,0%,16
bohus fortress sweden,0,1,0%,17
bohuslen castle,0,1,0%,17
sweden ghost,0,1,0%,20
lacko castle sweden,0,1,0%,21
bohus fort,0,1,0%,24
laxton museum pris,0,1,0%,26
borgvattnets vandrarhem historia,0,1,0%,27
joakim lundell,0,1,0%,27
laxton borås museum,0,1,0%,27
laxton borgvattnet,0,1,0%,28
dark tourism sweden,0,1,0%,30
borgvatten,0,1,0%,32
borgvattnets prästgård flashback,0,1,0%,32
bohus schweden,0,1,0%,37
museum borås,0,1,0%,38
haunted places in stockholm,0,1,0%,39
moliljan sanatorium,0,1,0%,39
vart ligger borgvattnet,0,1,0%,42
tjuvholmen kungälv,0,1,0%,44
bogesunds slott,0,1,0%,45
schloss läckö,0,1,0%,48
bohus festung,0,1,0%,49
fort i sverige,0,1,0%,49
fantomengrottan,0,1,0%,58
gräfsnäs slott historia,0,1,0%,62
haunted houses in sweden,0,1,0%,62
spökjägare,0,1,0%,62